REM *************** INSERCIÓN DE DATOS EN LAS TABLAS*************


ALTER SESSION SET NLS_DATE_FORMAT='DD/MM/YYYY';

REM ********** TABLA CENTROS: *************

INSERT INTO CENTROS VALUES ('DIGE', 1, 'DIRECCIÓN GENERAL', 'AV. CONSTITUCIÓN 88', 'MURCIA');
INSERT INTO CENTROS VALUES ('FAZS', 6, 'FÁBRICA ZONA SUR' , 'POL. IND. DON MANUÉ', 'SEVILLA');
INSERT INTO CENTROS VALUES ('OFZS', 5, 'OFICINAS ZONA SUR', 'JABUGO 2'           , 'SEVILLA');

COMMIT;

REM ********** TABLA DEPARTAMENTOS: *************

INSERT INTO DEPARTAMENTOS VALUES ('ADMZS', 5,   NULL , 'OFZS', 'ADMINISTRACIÓN ZONA SUR'  ,  14000000, 'P');
INSERT INTO DEPARTAMENTOS VALUES ('DIRGE', 1,   NULL , 'DIGE', 'DIRECCIÓN GENERAL'        ,  26000000, 'P');
INSERT INTO DEPARTAMENTOS VALUES ('INYDI', 2, 'DIRGE', 'DIGE', 'INVESTIGACIÓN Y DISEÑO'   ,  25000000, 'P');
INSERT INTO DEPARTAMENTOS VALUES ('JEFZS', 6,   NULL , 'FAZS', 'JEFATURA FÁBRICA ZONA SUR',   6200000, 'F');
INSERT INTO DEPARTAMENTOS VALUES ('PROZS', 9, 'JEFZS', 'FAZS', 'PRODUCCIÓN ZONA SUR'      , 108000000, 'P');
INSERT INTO DEPARTAMENTOS VALUES ('VENZS', 3, 'ADMZS', 'OFZS', 'VENTAS ZONA SUR'          ,  13500000, 'F');

COMMIT;

REM ********** TABLA EMPLEADOS: *************

INSERT INTO EMPLEADOS VALUES (5,'ADMZS',  1239,'07/08/1976','08/03/1958','38223822T','ALADA VERAZ, JUANA', 1, 6200000);
INSERT INTO EMPLEADOS VALUES (7,'PROZS',  NULL,'30/06/1994','07/08/1975','47124712D','FORZADO LÓPEZ, JUAN', 0, 1600000);
INSERT INTO EMPLEADOS VALUES (6,'JEFZS', 23838,'01/08/1991','03/06/1969','26452645D','GOZQUE ALTANERO, CARLOS', 0, 5000000);
INSERT INTO EMPLEADOS VALUES (9,'PROZS', 12124,'10/06/1992','19/07/1968','11311131D','MANDO CORREA, ROSA', 2, 3100000);
INSERT INTO EMPLEADOS VALUES (2,'INYDI',  2233,'14/06/1991','08/06/1970','21232123K','MANRIQUE BACTERIO, LUISA', 0, 4500000);
INSERT INTO EMPLEADOS VALUES (8,'PROZS',  NULL,'15/08/1994','15/06/1976','32133213H','MASCULLAS ALTO, ELOISA', 1, 1600000);
INSERT INTO EMPLEADOS VALUES (3,'VENZS',  2133,'08/06/1984','07/12/1965','23822382D','MONFORTE CID, ROLDÁN', 1, 5200000);
INSERT INTO EMPLEADOS VALUES (10,'PROZS', NULL,'02/11/1993','07/01/1975','32933293D','PÉREZ MUÑOZ, ALFONSO', 0, 1300000);
INSERT INTO EMPLEADOS VALUES (1,'DIRGE',  1111,'01/07/1982','07/08/1961','21452145V','RUIZ DE LOPERA, MANUEL', 1, 7200000);
INSERT INTO EMPLEADOS VALUES (4,'VENZS',  3838,'09/08/1992','21/02/1975','38293829L','TOPAZ ILLÁN, CARLOS', 0, 3200000);

COMMIT;

REM ********** TABLA HIJOS: *************

INSERT INTO HIJOS VALUES (8, 1, '14/03/1994','FUERTE MASCULLAS, ANACLETO');
INSERT INTO HIJOS VALUES (9, 1, '28/02/1988','LEÓN MANDO, ELVIRA');
INSERT INTO HIJOS VALUES (9, 2, '18/07/1990','LEÓN MANDO, PLÁCIDO');
INSERT INTO HIJOS VALUES (3, 1, '12/09/1990','MONFORTE LEMOS, JESÚS');
INSERT INTO HIJOS VALUES (5, 1, '06/03/1982','PASTORA ALADA, MATEO');
INSERT INTO HIJOS VALUES (1, 1, '07/06/1989','RUIZ DENIL, SON');

COMMIT;

REM ********** TABLA HABILIDADES: *************

INSERT INTO HABILIDADES VALUES ('FONTA', 'FONTANERÍA');
INSERT INTO HABILIDADES VALUES ('GEREN', 'GERENCIA');
INSERT INTO HABILIDADES VALUES ('GESCO', 'GESTIÓN CONTABLE');
INSERT INTO HABILIDADES VALUES ('MARKE', 'MARKETING');
INSERT INTO HABILIDADES VALUES ('MECAN', 'MECANOGRAFÍA');
INSERT INTO HABILIDADES VALUES ('RELPU', 'RELACIONES PÚBLICAS');
INSERT INTO HABILIDADES VALUES ('TELEF', 'TELEFONISTA');

COMMIT;

REM ********** TABLA HABIEMPL: *************

INSERT INTO HABIEMPL VALUES ('GEREN', 1);
INSERT INTO HABIEMPL VALUES ('RELPU', 1);
INSERT INTO HABIEMPL VALUES ('MARKE', 3);
INSERT INTO HABIEMPL VALUES ('MARKE', 4);
INSERT INTO HABIEMPL VALUES ('GESCO', 5);
INSERT INTO HABIEMPL VALUES ('RELPU', 5);
INSERT INTO HABIEMPL VALUES ('FONTA', 8);

COMMIT;

REM *************** CREACIÓN DE LAS FKs *************


alter table Centros add constraint fk_centros foreign key (director_ce) references Empleados (cod_em);

alter table Departamentos add constraint fk_dep_dir foreign key (director_de) references Empleados (cod_em);
alter table Departamentos add constraint fk_dep_depjefe foreign key (cod_de) references Departamentos (cod_de);
alter table Departamentos add constraint fk_dep_centro foreign key (cod_de) references Centros (cod_ce);

alter table Empleados add constraint fk_emp_dep foreign key (dept_em) references Departamentos (cod_de);

alter table Hijos add constraint fk_hijo_padre foreign key (padre_hi) references Empleados (cod_em);

alter table Habiempl add constraint fk_habiemple_ha foreign key (codha_he) references Habilidades (cod_ha);
alter table Habiempl add constraint fk_habiemple_em foreign key (codem_he) references Empleados (cod_em);


REM ********** FIN *************************