<?xml version="1.0" encoding="UTF-8"?>
<project-private xmlns="http://www.netbeans.org/ns/project-private/1">
    <editor-bookmarks xmlns="http://www.netbeans.org/ns/editor-bookmarks/2" lastBookmarkId="0"/>
    <open-files xmlns="http://www.netbeans.org/ns/projectui-open-files/2">
        <group>
            <file>file:/home/bosque/Escritorio/paso/servlets_inicio/src/java/pqServlets/ServletNombre.java</file>
            <file>file:/home/bosque/Escritorio/paso/servlets_inicio/web/index.html</file>
            <file>file:/home/bosque/Escritorio/paso/servlets_inicio/src/java/pqServlets/ServletCabecera.java</file>
            <file>file:/home/bosque/Escritorio/paso/servlets_inicio/src/java/pqServlets/ServletDatos.java</file>
            <file>file:/home/bosque/Escritorio/paso/servlets_inicio/web/WEB-INF/web.xml</file>
        </group>
    </open-files>
</project-private>
