<?xml version="1.0" encoding="UTF-8"?>
<project-private xmlns="http://www.netbeans.org/ns/project-private/1">
    <editor-bookmarks xmlns="http://www.netbeans.org/ns/editor-bookmarks/2" lastBookmarkId="0"/>
    <open-files xmlns="http://www.netbeans.org/ns/projectui-open-files/2">
        <group>
            <file>file:/home/bosque/Escritorio/paso/HttpSession/web/index.jsp</file>
            <file>file:/home/bosque/Escritorio/paso/HttpSession/src/java/FirstServlet.java</file>
            <file>file:/home/bosque/Escritorio/paso/HttpSession/web/index.html</file>
            <file>file:/home/bosque/Escritorio/paso/HttpSession/src/java/SecondServlet.java</file>
        </group>
    </open-files>
</project-private>
